Findest du auf dem Unigelände einen Platz zum Lernen/Arbeiten?	In welchen Gebäuden suchst du dir einen Platz zum Lernen?							Lernst/Arbeitest du außerhalb von Univeranstaltungen auf dem Unigelände?	Findest du, dass den Studierenden genügend Arbeitsplätze zur Verfügung stehen?	Nutzt du außerhalb von den Übungen die PC-Pools?	Findest du dort einen freien PC, wenn du ihn brauchst?	Welchen Pool nutzt du am häufigsten?	Findest du, dass genügend PC-Arbeitsplätze vorhanden sind?	Abschließend noch ein paar Informationen über dich:		Möchtest du zu dem Thema noch etwas loswerden? 
Beantwortung	Mensa/Cafeteria	Audimax	Geb. 61 / Vorklinikum	Geb. 64	Zentralklinikum	Bibliothek	Sonstiges (bitte angeben)	Beantwortung	Beantwortung	Beantwortung	Beantwortung	Beantwortung	Beantwortung	Studiengang:	Semester:	Beantwortungen mit unbestimmtem Ende
Meistens						Bibliothek		Manchmal	Nein	Manchmal	Meistens	Bibliothek	Ja	Medizin	5	
Selten	Mensa/Cafeteria	Audimax			Zentralklinikum	Bibliothek		Oft	Nein	Manchmal	Meistens	Bibliothek	Nein	Medizin	9	die Bibliothek ist eine Frechheit!! Viel zu klein, schlechtes WLAN, zu wenig Plätze mit Stromversorgung, schlechte geheizt/klimatisiert (je nach Jahreszeit). Keine studentenfreundliche Öffnungszeiten, zu wenig und zu alte Bücher. Wäre ich nicht drauf angewiesen, wäre ich nicht dort! wohlfühlen ist nicht
Selten	Mensa/Cafeteria	Audimax		Geb. 64				Selten	Nein	Oft	Selten	Gebäude 64 unten	Nein	Informatik	8	Der Uni fehlen exklusive studentische PC- und Notebook-Arbeitsplätze. Die Pools können im Semester durchaus für Veranstaltungen reserviert werden. Die Tische im AM Foyer sind mal vorhanden und mal nicht. Die Mensa ist ebenfalls immer unterschiedlich verfügbar. Es fehlen verlässlich vorhandene Arbeitsplätze in ausreichenden Mengen, die nur für Studenten und nicht für Veranstaltungen gedacht sind.
Meistens	Mensa/Cafeteria					Bibliothek		Oft	Nein	Oft	Meistens	Gebäude 61	Ja	Keine Angabe		
Meistens				Geb. 64		Bibliothek		Oft	Ja	Oft	Meistens	Gebäude 64 unten	Ja	MI	3. Semester	
Selten						Bibliothek		Manchmal	Nein	Manchmal	Selten	Bibliothek	Nein	Medizin	10	
Immer		Audimax				Bibliothek		Manchmal	Ja	Nie	Keine Angabe	Bibliothek	Keine Angabe	Medizin	10	
Meistens	Mensa/Cafeteria	Audimax		Geb. 64		Bibliothek		Manchmal	Nein	Manchmal	Meistens	Gebäude 61	Ja	Keine Angabe		
Meistens	Mensa/Cafeteria	Audimax		Geb. 64		Bibliothek		Manchmal	Ja	Manchmal	Meistens	Gebäude 64 unten	Ja	MML	1	
Meistens	Mensa/Cafeteria	Audimax		Geb. 64				Manchmal	Nein	Manchmal	Meistens	Gebäude 64 unten	Ja	Informatik	7	
Meistens	Mensa/Cafeteria	Audimax				Bibliothek	Bäcker	Nie	Nein	Nie	Keine Angabe	Keine Angabe	Ja	Medizin	9	
Meistens	Mensa/Cafeteria		Geb. 61 / Vorklinikum			Bibliothek		Manchmal	Ja	Nie	Immer	Gebäude 64 unten	Ja	Pflege	3	
Meistens	Mensa/Cafeteria	Audimax	Geb. 61 / Vorklinikum			Bibliothek		Manchmal	Nein	Nie	Keine Angabe	Keine Angabe	Keine Angabe	MIW	1	
Meistens			Geb. 61 / Vorklinikum			Bibliothek		Oft	Nein	Manchmal	Immer	Bibliothek	Ja	Medizin	3	
Immer						Bibliothek		Selten	Keine Angabe	Nie	Keine Angabe	Keine Angabe	Keine Angabe	Medizin	10	Ich lerne eher zu Hause, daher kann ich da wenig zu sagen.
Meistens			Geb. 61 / Vorklinikum	Geb. 64				Selten	Nein	Manchmal	Selten	Gebäude 64 oben (Mathematikinstitut)	Nein	MML	1	
Meistens	Mensa/Cafeteria				Zentralklinikum			Manchmal	Nein	Nie	Ich nehme meinen Laptop/mein Notebook mit	Bibliothek	Ja	Medizin	5	
Meistens						Bibliothek		Manchmal	Nein	Manchmal	Meistens	Gebäude 61	Ja	MLS	5	in den PC-Pools ist oft dann nicht genügend Platz, wenn sowohl im 64er als auch im 61er zeitgleich eine Übung stattfindet, sonst geht das   
Meistens		Audimax		Geb. 64		Bibliothek		Selten	Nein	Oft	Immer	Gebäude 64 oben (Mathematikinstitut)	Ja	MML	2	
Immer						Bibliothek		Oft	Nein	Nie	Ich nehme meinen Laptop/mein Notebook mit	Gebäude 64 unten	Keine Angabe	MLS	1	
Selten		Audimax			Zentralklinikum	Bibliothek	Transitorium	Selten	Nein	Nie	Keine Angabe	Keine Angabe	Ja	Medizin	9	mehr Plätze an denen spontanes Arbeiten (und Essen gleichzeitig) möglich wäre und an denen auch gemeinsam gearbeitet werden kann wären wünschenswert - normale Aufenthaltsräume - als Ergänzung zu den Plätzen für ruhiges und konzentriertes alleine Arbeiten in der Bibliothek
Meistens						Bibliothek		Oft	Nein	Nie	Immer	Bibliothek	Ja	Medizin	2	mehr Tische in die Bib!  und irgendwer sollte für die fleißigen wochenendlerner was zu essen verkaufen
Meistens		Audimax				Bibliothek		Manchmal	Nein	Manchmal	Meistens	Gebäude 64 unten	Ja	Psychologie	1	
Meistens		Audimax			Zentralklinikum	Bibliothek		Selten	Ja	Nie	Meistens	Bibliothek	Nein	Medizin	10	
Meistens		Audimax		Geb. 64				Selten	Ja	Manchmal	Meistens	Gebäude 64 unten	Ja	IB	3	Gar nicht so leicht zu beantworten, wenn man höchst selten oft auf dem Campus lernt.  Bei Frage 5 fehlte mit die Antwortmöglichkeit: selten.
Meistens							im Bereich vor T1	Selten	Nein	Nie	Keine Angabe	Keine Angabe	Keine Angabe	Medizin	10	
Selten	Mensa/Cafeteria					Bibliothek		Selten	Nein	Manchmal	Meistens	Gebäude 61	Nein	MLS	5	
Meistens						Bibliothek		Manchmal	Nein	Oft	Meistens	Gebäude 61	Ja	MLS	3	Ich finde in der Bib gibt es zu wenig Arbeitsplätze, insbesondere, weil die FH die Bib ebenfalls nutzt und jetzt auch immer mehr neue Studiengänge dazukommen. Insbesondere in der Klausurenphase bekommt man kaum einen Platz dort außer im PC-Pool. Das betrifft micht persönlich weniger, ich lerne lieber zu Hause, aber es gibt genug, die in die Bib gehen wollen.
Immer		Audimax	Geb. 61 / Vorklinikum			Bibliothek		Selten	Ja	Nie	Meistens	Gebäude 64 unten	Ja	MLS	11	
Selten				Geb. 64		Bibliothek		Manchmal	Nein	Manchmal	Meistens	Gebäude 64 unten	Keine Angabe	Keine Angabe		
Meistens						Bibliothek		Oft	Nein	Manchmal	Meistens	Bibliothek	Ja	Medizin	8	
Meistens				Geb. 64				Selten	Nein	Manchmal	Meistens	Gebäude 64 unten	Ja	Informatik	9	
Immer	Mensa/Cafeteria					Bibliothek		Selten	Ja	Nie	Immer	Bibliothek	Ja	Medizin	1	
Meistens	Mensa/Cafeteria			Geb. 64		Bibliothek		Manchmal	Ja	Manchmal	Meistens	Bibliothek	Nein	Medizin	Promotionssemester	Es wäre schön wenn die Medizinstudenten ebenfalls die Pool PCs in Haus 64 inkl. den Programmen nutzen könnten (bspw. SPSS, das auch für die Medis interesant sein könnte)
Meistens	Mensa/Cafeteria			Geb. 64		Bibliothek		Manchmal	Nein	Manchmal	Meistens	Gebäude 64 unten	Ja	MIW	3	
Immer				Geb. 64				Manchmal	Nein	Manchmal	Meistens	Gebäude 64 unten	Nein	MI	3	Wie steht es mit weiteren PC-Pools, welche nicht allzu bekannt sind? Bspw. der MDI-Pool vom IMIS, gibt es weitere solcher Arbeitsplätze?
Selten					Zentralklinikum			Manchmal	Nein	Nie	Ich nehme meinen Laptop/mein Notebook mit	Bibliothek	Nein	Medizin	9	Es müsste Lernräume/Aufenthaltsräume in der Nähe des Zentralklinikums geben. Bäcker Junge reicht da leider nicht immer aus.
Meistens						Bibliothek		Selten	Nein	Manchmal	Immer	Bibliothek	Ja	Medizin	7	
Meistens	Mensa/Cafeteria	Audimax				Bibliothek		Nie	Nein	Nie	Ich nehme meinen Laptop/mein Notebook mit		Keine Angabe	Medizin	9	
Meistens			Geb. 61 / Vorklinikum			Bibliothek		Oft	Nein	Oft	Meistens	Gebäude 61	Nein	MIW	5	
Meistens	Mensa/Cafeteria	Audimax				Bibliothek		Selten	Ja	Nie	Meistens	Gebäude 64 unten	Ja	MDI	1	
Immer							Zuhause und überall wo keine Uni ist ;)	Oft	Ja	Manchmal	Meistens	Gebäude 64 unten	Ja	MIW	6	Nö
Meistens						Bibliothek		Manchmal	Nein	Manchmal	Immer	Bibliothek	Ja	Medizin	6	Die Bibplätze sind absolut nicht ausreichend, wäre schön, wenn man in der Klausurenphase auch noch nen Platz (mit Steckdose!) bekommt, wenn man nicht um halb neun da sein kann.
Selten	Mensa/Cafeteria					Bibliothek		Nie	Nein	Manchmal	Meistens	Bibliothek	Nein	Medizin	11	
Meistens							Campus Suite	Selten	Ja	Nie	Ich nehme meinen Laptop/mein Notebook mit	Bibliothek	Ja	Medizin	1	
Keine Angaben								Nie	Ja	Manchmal	Immer	Gebäude 64 unten	Ja	Psychologie	3	
Meistens	Mensa/Cafeteria					Bibliothek		Selten	Nein	Oft	Meistens	Gebäude 64 unten	Ja	MML	3. Semester	
Meistens						Bibliothek		Manchmal	Ja	Nie	Keine Angabe	Keine Angabe	Ja	Medizin	1	
Selten						Bibliothek		Selten	Nein	Nie	Ich nehme meinen Laptop/mein Notebook mit		Nein	Medizin	5	Gerade in der Klausurenzeit ist es oft sehr schwierig, in der Bibliothek einen Platz zu finden. Es wäre sehr schön, wenn auch in der Nähe Zentralklinikums Arbeitsplätze vorhanden wären, was aber baulich wohl schwierig sein dürfte...
Meistens						Bibliothek		Oft	Nein	Manchmal	Immer	Bibliothek	Ja	Medizin	1	mehr Gruppenarbeitsräume zum lauten Lernen mit mehreren wären wünschenswert, daher auch das "nein" bei der Frage nach genügend Arbeitsplätzen
Meistens	Mensa/Cafeteria							Selten	Nein	Nie	Keine Angabe	Keine Angabe	Keine Angabe	Medizin	8	
Selten	Mensa/Cafeteria	Audimax						Selten	Nein	Manchmal	Meistens	Gebäude 64 unten	Nein	MLS	1. Master	
Meistens				Geb. 64				Nie	Ja	Oft	Meistens	Gebäude 64 unten	Ja	MI	3	
Selten	Mensa/Cafeteria							Selten	Ja	Manchmal	Meistens	Gebäude 64 unten	Ja	MML	7	nein
Immer		Audimax	Geb. 61 / Vorklinikum				Campus Suite	Manchmal	Ja	Oft	Immer	Gebäude 61	Ja	MLS	5	
Immer	Mensa/Cafeteria			Geb. 64		Bibliothek		Oft	Nein	Manchmal	Immer	Gebäude 64 unten	Ja	MIW	4	
Selten	Mensa/Cafeteria					Bibliothek		Manchmal	Nein	Manchmal	Meistens	Gebäude 64 oben (Mathematikinstitut)	Ja	Keine Angabe		
Meistens						Bibliothek		Selten	Nein	Manchmal	Meistens	Bibliothek	Ja	MML	3	
Meistens		Audimax		Geb. 64		Bibliothek		Manchmal	Nein	Manchmal	Immer	Gebäude 64 unten	Ja	MML	1	
Meistens						Bibliothek		Manchmal	Nein	Nie	Ich nehme meinen Laptop/mein Notebook mit	Bibliothek	Ja	Medizin	8	Die Bib ist zu laut und viel zu wenig ordentliche Plätze zum lernen! (Mit Trennwänden und Lampe, Steckdosen)
Selten						Bibliothek		Selten	Nein	Manchmal	Meistens	Bibliothek	Ja	Medizin	3	
Meistens	Mensa/Cafeteria							Manchmal	Ja	Nie	Immer	Bibliothek	Ja	MIW	1	
Meistens	Mensa/Cafeteria	Audimax				Bibliothek		Nie	Nein	Nie	Ich nehme meinen Laptop/mein Notebook mit		Keine Angabe	Medizin	9	
Meistens						Bibliothek		Manchmal	Nein	Manchmal	Immer	Bibliothek	Ja	Medizin	4	
Immer		Audimax						Manchmal	Nein	Manchmal	Ich nehme meinen Laptop/mein Notebook mit	Gebäude 64 unten	Ja	MDI	3	Ich muss anmerken, dass ich aufgrund meines HiWi-Jobs Zugang zu bestimmten Räumen haben, die nur von sehr wenigen genutzt werden. Andernfalls würde ich öfter auf Probleme beim Lernplatzsuchen stoßen.
Meistens				Geb. 64		Bibliothek		Oft	Nein	Manchmal	Meistens	Gebäude 64 unten	Nein	BME	2	Besonders mehr gruppenarbeitsplätze sind notwendig
Selten	Mensa/Cafeteria					Bibliothek		Selten	Nein	Manchmal	Meistens	Bibliothek	Ja	Medizin	6	Ich finde die Arbeitsplätze in der Bib sehr ungemütlich
Immer	Mensa/Cafeteria	Audimax		Geb. 64		Bibliothek		Selten	Ja	Manchmal	Meistens	Gebäude 64 unten	Ja	EDT	1	
Meistens						Bibliothek		Oft	Nein	Manchmal	Immer	Gebäude 61	Ja	MLS	1. Master 	
Meistens	Mensa/Cafeteria	Audimax						Selten	Ja	Manchmal	Immer	Gebäude 64 unten	Ja	Informatik	1	
Meistens		Audimax		Geb. 64	Zentralklinikum			Manchmal	Nein	Manchmal	Meistens	Gebäude 64 unten	Ja	MIW	9	Es sollte mehr Arbeitsplätze für eigene Laptops geben, mit Steckerleisten.   In dem kleinen PC Pool im Gebäude 64 ist die Luft immer sehr schlecht. 
Meistens		Audimax	Geb. 61 / Vorklinikum					Oft	Nein	Manchmal	Selten	Gebäude 64 oben (Mathematikinstitut)	Nein	Informatik	3	
Immer						Bibliothek	Campussuite		Nein	Manchmal	Immer	Gebäude 64 unten	Nein	Psychologie	1	
Meistens				Geb. 64		Bibliothek		Oft	Nein	Oft	Meistens	Gebäude 64 unten	Ja	MIW	3	
Meistens			Geb. 61 / Vorklinikum	Geb. 64				Manchmal	Nein	Oft	Meistens	Gebäude 61	Nein	MLS	1	
Selten	Mensa/Cafeteria	Audimax				Bibliothek		Selten	Ja	Oft	Meistens	Gebäude 61	Ja	IB	1	Wenn die Uni weiter wächst müssen auch die PC Pools mitwachsen!
Meistens						Bibliothek		Manchmal	Nein	Nie	Ich nehme meinen Laptop/mein Notebook mit	Bibliothek	Nein	Medizin	10	
Meistens						Bibliothek		Nie	Nein	Nie	Ich nehme meinen Laptop/mein Notebook mit		Keine Angabe	Medizin	5	
Immer						Bibliothek		Selten	Nein	Manchmal	Meistens	Gebäude 64 unten	Ja	Medizin	7	
Selten						Bibliothek		Oft	Nein	Manchmal	Meistens	Bibliothek	Ja	Medizin	10	
Selten						Bibliothek		Selten	Nein	Manchmal	Immer	Bibliothek	Ja	Medizin	6	
Meistens						Bibliothek		Oft	Nein	Manchmal	Meistens	Gebäude 61	Nein	Psychologie	3	- zu wenige Mülleimer auf dem Campus vorhanden
Immer				Geb. 64		Bibliothek		Oft	Ja	Oft	Immer	Bibliothek	Ja	MLS	9	
Meistens	Mensa/Cafeteria	Audimax		Geb. 64				Manchmal	Nein	Oft	Meistens	Gebäude 64 unten	Ja	Informatik	5	Sitzplätze in Mensa oder im Pool findet man schon meist, jedoch sind die Räume dann oft so laut, dass man trotzdem nicht richtig arbeiten kann.
Selten		Audimax		Geb. 64		Bibliothek		Oft	Nein	Oft	Meistens	Gebäude 64 unten	Nein	MIW	7	
Meistens		Audimax		Geb. 64	Zentralklinikum	Bibliothek		Oft	Nein	Nie	Ich nehme meinen Laptop/mein Notebook mit	Gebäude 64 unten	Ja	Medizin	5	Vor der Klausurenphase ist die Bib bis mindestens 18 Uhr so voll, dass ich oft gar keinen Platz mehr bekommen konnte. Am Wochenende ist das noch schlimmer. Gerade am Wochenende ist auch Gebäude 64 für mich nicht zugänglich und ab 18 Uhr bin ich dann aufgeschmissen. Es wäre schön, wenn es für Interessierte eine Möglichkeit gäbe, am Wochenende auf die etlichen ungenutzten Räume in Geb. 64, dem ZK usw zugreifen zu können. Das würde auch die Bib entlasten. Auch im neuen IMB wird es wahrscheinlich viele Seminarräume geben, die man als Student nutzen könnte. Vielen ist das aber nicht bekannt und so rennt jeder in die Bib. Am besten wäre ja ein Schließsystem, dass erlaubt, per Chip einzutreten. So könnten Studenten, die wollen, zB einen Chip gegen Pfand erwerben und auch am Wochenende in diese Gebäude gelangen. Mit individuellen Chipnummern wäre auch jederzeit nachvollziehbar, wer im Gebäude war, falls man sich da um Sicherheit Gedanken macht. Alternativ könnte man auch eine neue Bib bauen, aber die Chipvariante ist bestimmt weniger Kosten-intensiv. 
Selten						Bibliothek		Manchmal	Nein	Nie	Ich nehme meinen Laptop/mein Notebook mit		Keine Angabe	Medizin	4	
Meistens						Bibliothek		Selten	Nein	Nie	Meistens	Bibliothek	Keine Angabe	Pflege	3	
Immer	Mensa/Cafeteria							Nie	Ja	Manchmal	Selten	Gebäude 64 unten	Nein	MML	1	
Selten		Audimax	Geb. 61 / Vorklinikum					Oft	Nein	Oft	Meistens	Gebäude 64 unten	Ja	MDI	3	
Meistens	Mensa/Cafeteria					Bibliothek		Selten	Nein	Manchmal	Meistens	Bibliothek	Keine Angabe	Medizin	9	
Selten							Ich lerne lieber zu Hause	Selten	Nein	Manchmal	Meistens	Gebäude 64 unten	Nein	Psychologie	3	Ich bin generell jemand, der gerne und gut zu Hause lernt. Da kann ich mir mal eben einen Tee machen oder etwas zu essen, das passt mir einfach besser ;)
Meistens	Mensa/Cafeteria					Bibliothek		Oft	Nein	Manchmal	Immer	Gebäude 61	Ja	MLS	3	
Meistens	Mensa/Cafeteria			Geb. 64				Oft	Ja	Oft	Meistens	Gebäude 64 oben (Mathematikinstitut)	Nein	Informatik	3	
Meistens	Mensa/Cafeteria	Audimax	Geb. 61 / Vorklinikum			Bibliothek		Oft	Ja	Manchmal	Ich nehme meinen Laptop/mein Notebook mit	Bibliothek	Ja	Medizin	1	
Meistens	Mensa/Cafeteria			Geb. 64		Bibliothek		Manchmal	Nein	Oft	Meistens	Gebäude 64 unten	Ja	MML	5	Es wäre gut, wenn an den PC-Pools eine Liste aushängen würde, wann diese für Übungen geblockt sind, sodass man sich darauf einstellen kann und nicht gleich wieder weggeschickt wird, wenn man sich grade hingesetzt hat.
Selten	Mensa/Cafeteria	Audimax	Geb. 61 / Vorklinikum	Geb. 64		Bibliothek		Manchmal	Nein	Manchmal	Meistens	Gebäude 64 unten	Ja	MML	3	
Meistens		Audimax				Bibliothek		Manchmal	Nein	Oft	Meistens	Gebäude 61	Ja	MML	1	
Meistens	Mensa/Cafeteria	Audimax		Geb. 64				Selten	Nein	Oft	Meistens	Gebäude 64 unten	Ja	MIW	11	
Meistens		Audimax		Geb. 64				Selten	Nein	Manchmal	Meistens	Gebäude 64 unten	Nein	MIW	2	
Selten			Geb. 61 / Vorklinikum			Bibliothek		Selten	Nein	Manchmal	Meistens	Gebäude 64 unten	Ja	Medizin	10	
Meistens		Audimax				Bibliothek		Oft	Nein	Oft	Immer	Gebäude 61	Ja	Psychologie	5	
Meistens						Bibliothek		Oft	Nein	Oft	Meistens	Gebäude 64 unten	Ja	MIW	drittes Master	Die Mensa sollte kein Platz zum Lernen sein.  Der Platz ist sowieso schon begrenzt.  
Immer	Mensa/Cafeteria	Audimax				Bibliothek		Selten	Ja	Manchmal	Meistens	Gebäude 64 unten	Ja	MLS	1	
Selten						Bibliothek		Manchmal	Nein	Nie	Ich nehme meinen Laptop/mein Notebook mit		Keine Angabe	Medizin	3	
Meistens		Audimax				Bibliothek		Selten	Nein	Oft	Meistens	Gebäude 61	Nein	MIW	5	
Meistens						Bibliothek		Nie	Ja	Manchmal	Selten	Gebäude 64 unten	Nein	MLS	1	
Immer						Bibliothek		Manchmal	Nein	Nie	Immer	Gebäude 64 unten	Ja	Medizin	2	Würde mich über eine Bibliothekserweiterung freuen! Für die Ministudiengänge eindeutig zu wenig PCs
Selten				Geb. 64	Zentralklinikum			Selten	Nein	Manchmal	Meistens	Gebäude 64 unten	Ja	MIW	3	
Selten	Mensa/Cafeteria	Audimax	Geb. 61 / Vorklinikum	Geb. 64				Manchmal	Nein	Oft	Meistens	Gebäude 64 unten	Ja	Informatik	11	Es mag "genügend" Arbeitsplätze geben. Jedoch nach meinem Erachten keine, die entsprechende Ruhe/Abschottung bieten.
Meistens		Audimax	Geb. 61 / Vorklinikum	Geb. 64				Selten	Ja	Manchmal	Meistens	Gebäude 64 unten	Ja	MLS	9	
Meistens	Mensa/Cafeteria			Geb. 64				Manchmal	Nein	Manchmal	Selten	Gebäude 64 unten	Ja	Informatik	5	
Meistens				Geb. 64				Nie	Nein	Manchmal	Meistens	Gebäude 64 unten	Nein	MML	7	Nein
Meistens	Mensa/Cafeteria	Audimax		Geb. 64		Bibliothek		Oft	Nein	Oft	Meistens	Gebäude 61	Nein	MML	1	Wie wäre es mit Raumbelegungsplänen, die vor dem Raum hängen, so weiß man, ob und wie lange man den Raum belegen kann.  Meistens herrscht keine angenehme Lernumgebung:  Im Vorklinikum gibt es auf den Fluren sehr wenige Tische. Im Gruppenraum der Bib wird es laut,wenn 3-4 Gruppen dort sind. Im Audimax-Foyer sollte es mehr Sitzmöglichkeiten (mit Tischen) geben.
Selten	Mensa/Cafeteria							Selten	Nein	Oft	Meistens	Gebäude 64 unten	Ja	MLS	3	
Meistens	Mensa/Cafeteria	Audimax				Bibliothek		Manchmal	Nein	Manchmal	Immer	Bibliothek	Ja	Medizin	7	
Immer	Mensa/Cafeteria	Audimax		Geb. 64				Selten	Ja	Oft	Meistens	Gebäude 64 unten	Ja	Informatik	8	
Immer						Bibliothek	Labor über die Doktorarbeit	Oft	Nein	Nie	Ich nehme meinen Laptop/mein Notebook mit	Bibliothek	Ja	Medizin	11	
Meistens	Mensa/Cafeteria					Bibliothek		Manchmal	Ja	Nie	Ich nehme meinen Laptop/mein Notebook mit		Keine Angabe	Medizin	12	
Selten		Audimax	Geb. 61 / Vorklinikum					Manchmal	Nein	Manchmal	Immer	Bibliothek	Ja	Medizin	3. Semester	Ich würde mir einen Ort zum Lernen wünschen, an den ich auch meinen Hund mitnehmen kann. Ansonsten sind Hunde ja eigentlich erlaubt auf dem Campus. Nur eben in der Bib nicht...
Meistens	Mensa/Cafeteria					Bibliothek	Draußen! Carlebachpark, Wiese hinter ZK	Selten	Nein	Manchmal	Meistens	Bibliothek	Ja	Medizin	8	Bib-Plätze!
Selten		Audimax				Bibliothek		Oft	Nein	Manchmal	Selten	Gebäude 64 unten	Nein	MML	7	In manchen Räumen gehen die Fenster nicht auf. Mit vielen Computern und Menschen in einem Raum kann das ziemlich unangenehm werden und auch ein Grund, sich einen anderen Platz zu suchen.
Meistens	Mensa/Cafeteria	Audimax		Geb. 64				Manchmal	Ja	Oft	Meistens	Gebäude 61	Nein	MI	7	
Selten				Geb. 64				Selten	Nein	Nie	Selten	Gebäude 64 unten	Ja	Informatik	4	
Selten				Geb. 64				Selten	Nein	Manchmal	Selten	Gebäude 64 unten	Nein	Informatik		Es braucht dringend weitere Räume für allgemeine Pools. Leider beanspruchen einige Institute die allgemeinen Pools mit ihren großen Veranstaltungen, aber gleichzeitig stehen ihre eigenen stehen nicht der Allgemeinheit zur Verfügung. So blockiert z.B. das ISP regelmäßig alle 70 Plätze des Pool64 und ihr eigener ist nur minimal ausgestattet und sehr wenig belegt. Dort könnten gut 20 – 25 allgemeine Rechnerarbeitsplätze aufgebaut werden.  Auch wird die Anforderung in quasi keinem der kommenden Bauvorhaben (z.B. CBBM & Nebengebäude) beachtet und dort werden keine neuen Arbeitsplätze für Studierende entstehen.
Meistens						Bibliothek		Nie	Ja	Nie	Immer	Bibliothek	Ja	Medizin	5	
Immer	Mensa/Cafeteria	Audimax				Bibliothek		Oft	Nein	Oft	Meistens	Gebäude 61	Nein	MLS	3	
Immer				Geb. 64				Oft	Nein	Oft	Meistens	Gebäude 64 unten	Nein	MI	1	Es wäre an der Zeit, weitere PC-Pools einzurichten, da immer mehr Studenten an der Uni sind und es während der Vorlesungszeit oft schwer ist, einen freien PC zu finden, da die PC-Pools fast dauerhaft durch Übungen belegt sind und einige Übungen aus Prinzip gesamte Räume blockieren, ob sie alle PCs benötigen oder nicht. 
Meistens		Audimax				Bibliothek		Oft	Nein	Manchmal	Meistens	Gebäude 64 unten	Ja	MIW	3	- Die Lernkabinen in der Bib sind sehr hellhörig.
Meistens	Mensa/Cafeteria	Audimax	Geb. 61 / Vorklinikum	Geb. 64				Manchmal	Nein	Manchmal	Meistens	Gebäude 64 unten	Nein	MML	3	
Meistens		Audimax				Bibliothek		Selten	Nein	Oft	Meistens	Gebäude 64 unten	Ja	MIW	3	
Selten	Mensa/Cafeteria	Audimax				Bibliothek	Turmgebäude -> wo immer man mal nen ruhigen Platz mit Internet findet...	Manchmal	Nein	Manchmal	Meistens	Gebäude 64 unten	Ja	Psychologie	3 FS	Ich finde die Bibliothek sehr unkomfortabel. In der Regel funktioniert das Internet nicht: geht gar nicht!!! Es gibt zu wenig Arbeitsplätze und Plätze zum Entspannen zwischendurch, z.B. ein Sitzsäcke, in denen man mal eine andere, entspannte Körperhaltung einnehmen kann, wenn man gerade nur etwas lesen möchte, fehlen völlig. Wozu die ganzen Zeitschriften, wenn ich mich nirgends hinsetzen mag um sie zu lesen?!  Auch dass man keine Taschen mit rein nehmen darf, finde ich nervig. Zumal es nicht genug Spinde gibt und da immer wieder mal was geklaut wird. Das ist jetzt nicht mein stärkster Kritikpunkt, aber eine andere Lösung wäre auch hier schön.   Ich würde gerne deutlich öfter in der Bibliothek lernen und arbeiten, aber unter den gegebenen Umständen geht das echt schlecht und dann mache ich es doch lieber zu Hause.  Wenn überhaupt kann man nur zu Beginn des Semesters gut in der Bibliothek lernen, wenn das insgesamt noch nicht so viele Studenten wollen. Danach geht es einfach wegen PLatzmangel nicht mehr.   Auch mehr Gruppenarbeitsmöglichkeiten wären wünschenswert.  Und wie wäre es mit ein paar Pflanzen in der Bib, die die Atmosphäre netter machen und ein bisschen mehr Sauerstoff produzieren?  Wäre toll, wenn man unsere Bibliothek verändern könnte! Muss ja keine Komplettrenovierung sein. Ein guter Innenarchitekt könnte bestimmt auch schon einiges bewirken. In Lüneburg z.B. gibt es durch Filzwände abgetrennte Arbeitsplätze, an denen man mehr Ruhe und Stille hat. 
Immer						Bibliothek		Selten	Ja	Nie	Immer	Gebäude 61	Ja	MIW	3	
Meistens	Mensa/Cafeteria			Geb. 64				Selten	Nein	Oft	Meistens	Gebäude 64 unten	Nein	Informatik	7	
Meistens	Mensa/Cafeteria			Geb. 64		Bibliothek		Manchmal	Ja	Nie	Meistens	Gebäude 64 unten	Ja	BME	4	Die Sauberkeit der PC-Pools im Geb. 64 lässt sehr zu wünschen übrig. Eine Reinigung der Tastaturen und Tische wäre vorteilhaft.
Immer						Bibliothek		Manchmal	Nein	Manchmal	Immer	Gebäude 64 unten	Nein	Psychologie	5	
Meistens	Mensa/Cafeteria			Geb. 64		Bibliothek		Manchmal	Nein	Manchmal	Meistens	Gebäude 64 unten	Nein	MIW	7	Es kommt des öfteren vor, dass ich im Pool arbeiten oder was drucken will, da aber gerade eine große Übung stattfindet und alles besetzt ist. Dann rennt man von Pool zu Pool, und alle sind voll weil alle vom großen auf die kleinen Räume ausweichen
Meistens						Bibliothek		Selten	Keine Angabe	Manchmal	Meistens	Gebäude 64 unten	Ja	MLS	1	
Meistens						Bibliothek		Manchmal	Nein	Manchmal	Selten	Gebäude 64 oben (Mathematikinstitut)	Nein	MML		
Meistens		Audimax		Geb. 64		Bibliothek		Manchmal	Nein	Oft	Immer	Gebäude 64 unten	Ja	MLS	9	
Nie							Ich lerne nie an der Uni	Nie	Ja	Manchmal	Immer	Gebäude 61	Ja	MLS	7 (1, Mastersemester)	
Meistens						Bibliothek		Selten	Nein	Manchmal	Meistens	Bibliothek	Ja	Medizin	14	
Immer						Bibliothek		Manchmal	Ja	Manchmal	Immer	Gebäude 64 unten	Ja	MML	1	
Meistens						Bibliothek		Oft	Nein	Nie	Ich nehme meinen Laptop/mein Notebook mit	Bibliothek	Ja	Medizin	11	
Meistens	Mensa/Cafeteria					Bibliothek		Selten	Nein	Nie	Ich nehme meinen Laptop/mein Notebook mit	Bibliothek	Nein	Medizin	2	
Meistens				Geb. 64				Manchmal	Nein	Manchmal	Ich nehme meinen Laptop/mein Notebook mit	Gebäude 64 unten	Ja	Informatik	5	
Selten						Bibliothek		Oft	Nein	Manchmal	Meistens	Bibliothek	Ja	Medizin	8	Es fehlen Steckdosen in der Bibliothek, es fehlen Tische und Stühle und Ruhe, abgetrennte Arbeitsplätze, Leselichter (das deckenlicht ist zu dunkel)
Meistens	Mensa/Cafeteria	Audimax						Manchmal	Nein	Manchmal	Meistens	Gebäude 64 unten	Keine Angabe	MDI	1	
Meistens				Geb. 64				Nie	Nein	Manchmal	Meistens	Gebäude 64 unten	Nein	MLS	1	
Meistens				Geb. 64				Oft	Nein	Oft	Meistens	Gebäude 64 unten	Nein	Informatik	11	
Selten	Mensa/Cafeteria	Audimax		Geb. 64				Manchmal	Nein	Oft	Selten	Gebäude 64 unten	Ja	Informatik	4	Es fehlt vor allem an Arbeitsplätzen wo es ruhig ist und man sich konzentrieren kann. Im Pool 64 unten sollten keine Übungsgruppen stattfinden. Warum nehmen die Institute nicht ihre eigenen Räume dafür?
Meistens				Geb. 64		Bibliothek		Manchmal	Nein	Oft	Meistens	Gebäude 64 unten	Ja	Informatik	3	
Meistens						Bibliothek		Selten	Nein	Oft	Immer	Bibliothek	Ja	Medizin	9	
Meistens						Bibliothek		Selten	Nein	Nie	Meistens	Gebäude 64 unten	Ja	MIW	7	
Meistens						Bibliothek		Selten	Nein	Nie	Ich nehme meinen Laptop/mein Notebook mit	Bibliothek	Ja	Medizin	8	
Immer							lerne nie in der Uni	Nie	Ja	Nie	Immer	Bibliothek	Ja	Medizin	11	Mediziner haben keine Übungen ;-)    Die Option "Ich lerne nur zu Hause nicht in der Uni" fehlt bei der ersten Frage irgendwie
Meistens	Mensa/Cafeteria					Bibliothek		Selten	Nein	Manchmal	Ich nehme meinen Laptop/mein Notebook mit	Gebäude 64 unten	Nein	MML	5	
Meistens	Mensa/Cafeteria	Audimax		Geb. 64				Manchmal	Nein	Manchmal	Meistens	Gebäude 64 oben (Mathematikinstitut)	Ja	Informatik	1	Gibt es eine Übersicht (die nicht mühsam im Univis selber erstellt werden muss), wann im Pool 64 unten Übungen sind? Und ob der gesamte Pool besetzt ist oder nur ein Teil?   
Meistens	Mensa/Cafeteria	Audimax				Bibliothek		Manchmal	Ja	Manchmal	Meistens	Gebäude 64 unten	Ja	MLS	1	
Selten	Mensa/Cafeteria					Bibliothek		Oft	Nein	Manchmal	Meistens	Bibliothek	Ja	Medizin	9	
Selten		Audimax				Bibliothek		Manchmal	Nein	Manchmal	Meistens	Bibliothek	Ja	Medizin	10	In der Mensa kann man nur lernen, wenn man keine Probleme hat, sich bei Lärm zu konzentrieren...
Meistens		Audimax			Zentralklinikum	Bibliothek		Oft	Nein	Nie	Ich nehme meinen Laptop/mein Notebook mit	Bibliothek	Ja	Medizin	9	
Selten	Mensa/Cafeteria			Geb. 64		Bibliothek		Oft	Nein	Oft	Selten	Gebäude 64 oben (Mathematikinstitut)	Nein	MIW	3	
Meistens						Bibliothek		Oft	Nein	Manchmal	Meistens	Bibliothek	Ja	MLS	3	Die Qualität des W-Lans ist unter aller Sau! Man wird sowohl auf dem Handy als auch auf dem mitgebrachten Computer oft rausgeschmissen, obwohl man sich mitten auf dem Campus oder z.B. in der Bibliothek befindet. Das muss doch irgendwie besser gehen...
Nie							Ich lerne zu Hause 	Nie	Ja	Nie	Immer	Bibliothek	Ja	Medizin	9	
Selten						Bibliothek		Selten	Nein	Nie	Meistens	Bibliothek	Ja	Medizin	11	
Meistens		Audimax				Bibliothek		Manchmal	Nein	Manchmal	Meistens	Gebäude 61	Ja	MLS	3. Master	
Meistens				Geb. 64		Bibliothek		Oft	Nein	Oft	Meistens	Gebäude 64 unten	Nein	MIW	4	
Meistens						Bibliothek	Institutsbibliothek 	Manchmal	Nein	Oft	Meistens	Bibliothek	Ja	Medizin	7	Die Situation in der Bibliothek sollte dringend geändert werden. Dass ein neuer Studiengang (Psychologie) kommen würde, wusste man z.B. bereits vorher, trotzdem wurde nichts unternommen, um weitere Lernplätze zu schaffen. Auch kann man bei einer Hochrechnung der Anzahl an Studenten der Uni und FH sehr schnell feststellen, dass einfach ein großer Platzmangel herrscht.   Desweiteren ist es in den Lernkabinen (wovon auch deutlich zu wenige zur Verfügung stehen) extrem stickig, die ganze Bibliothek ist wenig klimatisiert, sodass das konzentrierte Arbeiten an warmen Sommertagen stark erschwert ist.
Selten	Mensa/Cafeteria			Geb. 64		Bibliothek		Manchmal	Nein	Manchmal	Selten	Gebäude 64 unten	Nein	Informatik	3	
Meistens			Geb. 61 / Vorklinikum					Oft	Ja	Nie	Ich nehme meinen Laptop/mein Notebook mit	Bibliothek	Ja	Medizin	3	
Meistens	Mensa/Cafeteria		Geb. 61 / Vorklinikum			Bibliothek		Selten	Ja	Manchmal	Immer	Bibliothek	Ja	Medizin	3	
Immer	Mensa/Cafeteria				Zentralklinikum			Selten	Nein	Nie	Keine Angabe	Keine Angabe	Keine Angabe	Medizin	5	
Meistens						Bibliothek	Museum vor dem Präpsaal 	Selten	Ja	Nie	Keine Angabe	Keine Angabe	Keine Angabe	Medizin	1	
Meistens				Geb. 64				Selten	Ja	Manchmal	Immer	Gebäude 64 oben (Mathematikinstitut)	Ja	MDI	3	
Meistens	Mensa/Cafeteria	Audimax				Bibliothek		Selten	Ja	Manchmal	Meistens	Gebäude 64 unten	Ja	Psychologie	1	
Meistens	Mensa/Cafeteria	Audimax	Geb. 61 / Vorklinikum			Bibliothek		Oft	Ja	Oft	Meistens	Gebäude 61	Ja	MML	1	
Meistens			Geb. 61 / Vorklinikum	Geb. 64				Nie	Nein	Manchmal	Meistens	Gebäude 64 unten	Ja	MDI	1	
Meistens			Geb. 61 / Vorklinikum			Bibliothek		Oft	Nein	Manchmal	Meistens	Bibliothek	Ja	Medizin	8	Man merkt dass die Umfrage von Mintlern gestellt wurde, hätte man sicherlich etwas besser abstimmen und auf beide Sektionen zuschneiden können..
Meistens	Mensa/Cafeteria					Bibliothek		Manchmal	Ja	Manchmal	Selten	Gebäude 64 unten	Nein	MML	2	
Selten		Audimax	Geb. 61 / Vorklinikum			Bibliothek		Selten	Nein	Oft	Meistens	Gebäude 61	Ja	MML	3	
Meistens	Mensa/Cafeteria		Geb. 61 / Vorklinikum	Geb. 64				Selten	Nein	Manchmal	Meistens	Gebäude 64 unten	Keine Angabe	Keine Angabe		
Meistens	Mensa/Cafeteria			Geb. 64				Oft	Ja	Manchmal	Meistens	Gebäude 64 oben (Mathematikinstitut)	Ja	Informatik	3	
Meistens	Mensa/Cafeteria	Audimax		Geb. 64				Manchmal	Nein	Manchmal	Meistens	Gebäude 64 oben (Mathematikinstitut)	Ja	Keine Angabe		
Meistens		Audimax				Bibliothek		Selten	Nein	Manchmal	Ich nehme meinen Laptop/mein Notebook mit	Bibliothek	Ja	Medizin	5	
Meistens	Mensa/Cafeteria	Audimax		Geb. 64				Selten	Nein	Manchmal	Meistens	Gebäude 64 unten	Ja	Informatik	5	Ein Belegungsplan an den Pool würde schon sehr helfen, das man sich sonst oft hinsetzt und dann direkt wieder rausgeschmießen wird, weil in dem Pool eine Übung stattfindet.
Meistens	Mensa/Cafeteria	Audimax				Bibliothek		Oft	Ja	Manchmal	Meistens	Gebäude 64 unten	Ja	Informatik	1	
Selten	Mensa/Cafeteria			Geb. 64		Bibliothek		Selten	Nein	Manchmal	Selten	Gebäude 64 unten	Nein	Informatik	5	
Meistens	Mensa/Cafeteria	Audimax				Bibliothek		Manchmal	Ja	Nie	Immer	Bibliothek	Ja	Medizin	1	
Meistens						Bibliothek		Oft	Nein	Nie	Ich nehme meinen Laptop/mein Notebook mit		Nein	Medizin	2	
Meistens	Mensa/Cafeteria			Geb. 64		Bibliothek		Manchmal	Ja	Oft	Meistens	Gebäude 64 oben (Mathematikinstitut)	Nein	Informatik	3	
Selten	Mensa/Cafeteria	Audimax	Geb. 61 / Vorklinikum					Selten	Nein	Manchmal	Meistens	Gebäude 61	Ja	MML	1	
Immer	Mensa/Cafeteria		Geb. 61 / Vorklinikum	Geb. 64				Manchmal	Ja	Manchmal	Immer	Gebäude 64 unten	Ja	MML	1	
Meistens	Mensa/Cafeteria			Geb. 64				Manchmal	Nein	Oft	Immer	Gebäude 64 unten	Ja	MI	3	Nein
Meistens		Audimax						Selten	Nein	Nie	Ich nehme meinen Laptop/mein Notebook mit	Bibliothek	Ja	Medizin	6	
Meistens		Audimax	Geb. 61 / Vorklinikum			Bibliothek		Manchmal	Nein	Manchmal	Immer	Bibliothek	Ja	Medizin	5	
Meistens	Mensa/Cafeteria		Geb. 61 / Vorklinikum			Bibliothek		Selten	Nein	Oft	Meistens	Gebäude 64 unten	Nein	MLS	1	
Meistens	Mensa/Cafeteria	Audimax						Selten	Ja	Nie	Ich nehme meinen Laptop/mein Notebook mit	Gebäude 64 unten	Ja	MI	1	
Meistens	Mensa/Cafeteria			Geb. 64				Oft	Nein	Manchmal	Meistens	Gebäude 64 unten	Nein	Informatik	5	
Meistens		Audimax				Bibliothek		Selten	Nein	Manchmal	Meistens	Gebäude 64 unten	Ja	MML	1	
Nie							Lerne nicht an der uni	Nie	Ja	Nie	Immer	Bibliothek	Ja	Medizin	9	
Immer						Bibliothek		Oft	Ja	Nie	Ich nehme meinen Laptop/mein Notebook mit	Bibliothek	Ja	Medizin	1	
Selten						Bibliothek		Nie	Nein	Nie	Ich nehme meinen Laptop/mein Notebook mit	Bibliothek	Ja	Medizin	10	
Selten	Mensa/Cafeteria					Bibliothek		Nie	Nein	Nie	Immer	Bibliothek	Ja	Medizin	1	Es gibt zwar genügend Sitzgelegenheiten mit Tisch, aber nur wenige, wo es leise und warm genug zum Lernen ist.
Meistens	Mensa/Cafeteria					Bibliothek		Selten	Nein	Manchmal	Meistens	Gebäude 61	Ja	MLS	5	
Meistens					Zentralklinikum	Bibliothek		Manchmal	Nein	Keine Angabe	Keine Angabe	Keine Angabe	Keine Angabe	Medizin	8	
Meistens		Audimax				Bibliothek		Selten	Nein	Manchmal	Ich nehme meinen Laptop/mein Notebook mit	Gebäude 64 unten	Nein	MLS	3. Master	
Selten	Mensa/Cafeteria	Audimax		Geb. 64				Manchmal	Nein	Oft	Selten	Gebäude 64 unten	Nein	Informatik	5	
Selten		Audimax				Bibliothek		Oft	Nein	Oft	Selten	Gebäude 64 unten	Nein	MIW	1	
Meistens						Bibliothek		Manchmal	Nein	Nie	Ich nehme meinen Laptop/mein Notebook mit	Bibliothek	Ja	Medizin	8	
Selten		Audimax		Geb. 64				Manchmal	Nein	Oft	Selten	Gebäude 64 unten	Nein	Informatik	5	es bringt mir nix wenn ich meinen Laptop mitnehme und trotzdem nirgendwo platz ist um sich hinzusetzen
Meistens	Mensa/Cafeteria	Audimax						Selten	Nein	Manchmal	Meistens	Gebäude 64 unten	Nein	MI	1	
Meistens	Mensa/Cafeteria	Audimax				Bibliothek		Selten	Nein	Manchmal	Meistens	Gebäude 64 unten	Ja	Psychologie	4 B.Sc.	
Meistens				Geb. 64				Selten	Nein	Manchmal	Selten	Gebäude 64 unten	Nein	Informatik	1	
Selten		Audimax		Geb. 64		Bibliothek		Oft	Nein	Keine Angabe	Immer	Gebäude 61	Ja	MLS	3	Ich wünsche mir mehrere kleine Bibliotheken oder eine neue große 
Meistens	Mensa/Cafeteria	Audimax						Manchmal	Ja	Oft	Selten	Gebäude 64 unten	Nein	Informatik	1	
Meistens	Mensa/Cafeteria		Geb. 61 / Vorklinikum			Bibliothek		Manchmal	Nein	Manchmal	Meistens	Gebäude 61	Ja	Psychologie	3	
Selten				Geb. 64				Oft	Nein	Oft	Ich nehme meinen Laptop/mein Notebook mit	Gebäude 64 unten	Ja	Informatik	3	Der Pool im Haus 64 ist sehr oft voll und oft mit Übungen belegt.   Wenn man sich mit seinen Übungsgruppenpartnern treffen will, um aktuelle Übungsblätter zu bearbeiten ist es oft schwer einen passenden Ort zu finden.  Ein weiterer Raum, in dem keine offiziellen Übungen stattfinden, würde sehr helfen.   Er braucht auch nicht unbedingt PC's beinhalten, da die meisten Studenten ohnehin ein Notebook/Tablet haben. 
Selten	Mensa/Cafeteria					Bibliothek		Selten	Nein	Nie	Ich nehme meinen Laptop/mein Notebook mit		Keine Angabe	Medizin	7	
Selten		Audimax			Zentralklinikum	Bibliothek		Oft	Nein	Nie	Ich nehme meinen Laptop/mein Notebook mit	Keine Angabe	Keine Angabe	Medizin	6	Danke, dass das mal jemand hinterfragt - dieser Umstand allein bildet auch die Rückmeldung von Kommilitonen in den letzten 2 Jahren ab..  Stichwort BIBLIOTHEK. Irre, wo zu beginnen?  Der ganze Bau ist heillos unterdimensioniert für das Aufkommen an Studenten und damit den Bedarf an Platz. Da stehen zig leere Regale, wirklich leer. Hat sich mal jemand da umgesehen? Dafür gibt's nicht mal im Ansatz genug Tische - unfassbar, dass Lübeck sich so stolz 'Universitätsstadt' aufs Ortseingangsschild schreibt, dann aber die Bücher vorn und hinten nicht reichen - dafür aber hunderte Studenten auf 4 Bib-Toiletten Spaß haben dürfen, wenn sie die 3 Tage im Jahr erwischen, an denen überhaupt mal alle funktionieren.  Schon 2 Monate vor der Prüfungshochphase geht's rund, denn wir lernen ja versetzt mit der FH - da steht man dann schon mal 20 Minuten in der Kälte an, um hoffentlich noch einen Platz mit Steckdose zu finden. Oder man möchte nen Sekt ausgeben, wenn man um 10 noch nen Spint findet, sonst kann man ja Laptop, Handy und Geldbörse zum Pinkeln aufn Schoß packen. PROST!  Ich finde es arm, wirklich arm. Unangemessen und dicht an der Grenze zu 'peinlich'.  Ich liebe Bibliotheken - ich kann zu Hause gar nicht lernen, aber diese Zustände zwingen nach krampfhafter Alternativensuche. Für mich ist das das allergrößte Manko des Studienorts - ich komme aus einer Hochschulstadt und wollte einfach mal wo anders leben, aber immer wenn ich ein Buch, Platz oder eine funktionierende Toilette suche, beschleicht mich Reue.
Immer						Bibliothek		Selten	Keine Angabe	Nie	Keine Angabe	Keine Angabe	Keine Angabe	Medizin	1	
Meistens	Mensa/Cafeteria					Bibliothek		Oft	Nein	Oft	Meistens	Gebäude 64 unten	Ja	Informatik	2	Die Computer im PC-Pool in der Bibliothek sollte auch mit eclipse ausgestattet sein . Allgemein sollte man mehr Team Arbeitsplätze schaffen . 
Selten				Geb. 64				Oft	Nein	Nie	Ich nehme meinen Laptop/mein Notebook mit	Gebäude 64 oben (Mathematikinstitut)	Ja	MDI	3	
Meistens		Audimax				Bibliothek		Manchmal	Nein	Nie	Meistens	Bibliothek	Ja	MI	5	
Selten		Audimax		Geb. 64		Bibliothek		Manchmal	Nein	Manchmal	Meistens	Gebäude 64 unten	Ja	MIW	1 Master	
Meistens	Mensa/Cafeteria							Oft	Nein	Manchmal	Ich nehme meinen Laptop/mein Notebook mit	Gebäude 64 unten	Ja	MDI	4	Die Lernsituation würde erheblich verbessert, wenn das Licht in der Mensa (oben) bis zum Gebäudeabschluss eingeschaltet bliebe.  Dedizierte Lernräume wären natürlich noch besser.
Selten						Bibliothek	campus suite	Selten	Nein	Nie	Ich nehme meinen Laptop/mein Notebook mit	Bibliothek	Nein	Medizin	12	
Meistens	Mensa/Cafeteria					Bibliothek		Oft	Nein	Nie	Immer	Gebäude 64 unten	Ja	MLS	1	
Meistens				Geb. 64				Manchmal	Nein	Manchmal	Immer	Gebäude 64 unten	Ja	Informatik	11	
Meistens	Mensa/Cafeteria	Audimax	Geb. 61 / Vorklinikum	Geb. 64		Bibliothek		Manchmal	Nein	Oft	Selten	Gebäude 64 unten	Nein	Informatik	3	Besonders für kleinere Gruppen gibt es oft nicht genügend Platz. Am schlimmsten Betroffen sind die Pools, da dort ständig Übungen stattfinden und man ständig umziehen muss. Die Anzahl der Pools ist viel zu gering. Über alle auf dem Campus werden irgendwelche Gebäude gebaut für viele Millionen und groß der Öffentlichkeit präsentiert. Aber um in den Gebäuden Pools oder einfachst ausgestattete Arbeitsräume für Studenten einzurichten, haben die kein Geld übrig :/ 
Selten					Zentralklinikum	Bibliothek		Nie	Nein	Oft	Immer	Bibliothek	Ja	Medizin	10	die bibliothek ist wirklich sehr laut und unbequem (die Stühle vorallem), Klos riechen immer! unangenehm, die Drucker sind sehr kompliziert zu bedienen und häufig wartet man sehr lange...insgesamt eine komische Lernatmosphäre... schade
Meistens						Bibliothek		Selten	Nein	Nie	Ich nehme meinen Laptop/mein Notebook mit	Bibliothek	Ja	Medizin	9	
Meistens				Geb. 64				Oft	Nein	Oft	Meistens	Gebäude 64 unten	Nein	MI	5	
Meistens	Mensa/Cafeteria	Audimax	Geb. 61 / Vorklinikum	Geb. 64		Bibliothek		Oft	Nein	Manchmal	Meistens	Gebäude 61	Ja	MLS	1. Master	
Meistens	Mensa/Cafeteria		Geb. 61 / Vorklinikum	Geb. 64				Nie	Nein	Oft	Selten	Gebäude 61	Nein	MI	5	
Meistens		Audimax				Bibliothek		Manchmal	Nein	Manchmal	Meistens	Gebäude 64 unten	Nein	MIW	3	Schade, dass es keine gemütlichen Arbeitsplätze gibt. Im Sommer zwecks Guten Wetters und Wiese kein Problem - im Winter sehr, sehr wenige Möglichkeiten!
Immer				Geb. 64				Selten	Ja	Nie	Keine Angabe	Keine Angabe	Keine Angabe	Medizin	1	
Meistens				Geb. 64				Manchmal	Nein	Oft	Selten	Gebäude 64 unten	Nein	MML	11	
Selten			Geb. 61 / Vorklinikum			Bibliothek		Manchmal	Nein	Nie	Ich nehme meinen Laptop/mein Notebook mit	Bibliothek	Ja	Medizin	12	Die Bibliothek ist viel zu klein! 
Meistens			Geb. 61 / Vorklinikum		Zentralklinikum			Oft	Nein	Oft	Meistens	Gebäude 61	Nein	MIW	5	
Selten	Mensa/Cafeteria	Audimax						Nie	Nein	Nie	Ich nehme meinen Laptop/mein Notebook mit	Bibliothek	Nein	Medizin	4	
Meistens		Audimax				Bibliothek		Oft	Ja	Manchmal	Immer	Gebäude 64 unten	Ja	MIW	1	
Meistens				Geb. 64		Bibliothek	Gründercube II	Manchmal	Nein	Manchmal	Meistens	Gebäude 61	Ja	EDT	3	
Meistens	Mensa/Cafeteria	Audimax		Geb. 64	Zentralklinikum	Bibliothek		Selten	Nein	Nie	Keine Angabe	Keine Angabe	Keine Angabe	Medizin	10	
Nie					Zentralklinikum	Bibliothek		Nie	Nein	Nie	Ich nehme meinen Laptop/mein Notebook mit		Ja	Medizin	9	
Meistens	Mensa/Cafeteria					Bibliothek		Selten	Nein	Manchmal	Meistens	Gebäude 64 unten	Nein	MIW	7	
Meistens				Geb. 64		Bibliothek		Manchmal	Nein	Manchmal	Meistens	Gebäude 64 unten	Ja	EDT	3	
Selten	Mensa/Cafeteria					Bibliothek		Selten	Nein	Nie	Meistens	Gebäude 61	Keine Angabe	MLS	1	Die Uni sollte Räume in der Stadt anbieten - keine großen Anforderungen: Tisch, Stuhl, Licht, Strom, WLAN.
Selten	Mensa/Cafeteria	Audimax	Geb. 61 / Vorklinikum	Geb. 64				Manchmal	Nein	Manchmal	Selten	Gebäude 61	Nein	MI	1	
Meistens	Mensa/Cafeteria	Audimax		Geb. 64				Manchmal	Nein	Oft	Meistens	Gebäude 64 unten	Nein	MIW	3	
Immer		Audimax						Selten	Keine Angabe	Manchmal	Immer	Gebäude 64 unten	Ja	MDI	1	
Meistens			Geb. 61 / Vorklinikum			Bibliothek		Manchmal	Ja	Manchmal	Meistens	Bibliothek	Nein	Medizin	1	
Meistens						Bibliothek		Oft	Nein	Manchmal	Meistens	Bibliothek	Ja	Medizin	9	
Selten	Mensa/Cafeteria		Geb. 61 / Vorklinikum	Geb. 64		Bibliothek		Selten	Nein	Oft	Selten	Gebäude 64 unten	Nein	MLS	6	
Selten						Bibliothek		Selten	Nein	Manchmal	Meistens	Gebäude 64 unten	Nein	Psychologie	3	Es gibt zu wenige Drucker!
Immer						Bibliothek	und im PC Pool 64/61 falls das lernen auf Programmierung basiert	Manchmal	Nein	Oft	Meistens	Gebäude 61	Nein	MIW	5	
Meistens	Mensa/Cafeteria	Audimax	Geb. 61 / Vorklinikum	Geb. 64		Bibliothek	Alles wo frei ist	Selten	Nein	Oft	Immer	Gebäude 64 unten	Ja	Informatik	1	Es fehlen vorallem Kleingruppen-Arbeitsräume 
Selten					Zentralklinikum			Nie	Nein	Manchmal	Meistens	Bibliothek	Ja	Medizin	9	Gemütliche sofalernecken und längere bib öffnungszeiten wären SUPER! 
Selten	Mensa/Cafeteria	Audimax		Geb. 64		Bibliothek		Nie	Nein	Manchmal	Meistens	Gebäude 64 unten	Ja	MML	3	
Meistens	Mensa/Cafeteria					Bibliothek		Selten	Nein	Nie	Meistens	Gebäude 64 unten	Ja	MDI	1	es sollte mehr Arbeitsplätze in der Bücherei und dem Audimax-Foyer geben, überall sonst ist es zu laut
Immer	Mensa/Cafeteria	Audimax						Oft	Ja	Nie	Selten	Gebäude 64 unten	Nein	Informatik	2	
Meistens						Bibliothek		Oft	Nein	Nie	Ich nehme meinen Laptop/mein Notebook mit	Bibliothek	Ja	Medizin	3. jetzt 4.	Mehr Arbeitsplätze in der Bib! Da stehen so viele leere Regale, das kann doch besser genutzt werden! War das nicht auch eines DER Versprechen der neuen Stiftungsuni?!
Meistens	Mensa/Cafeteria						Campus Suite	Nie	Nein	Manchmal	Selten	Gebäude 64 unten	Nein	MIW	3	
Meistens	Mensa/Cafeteria					Bibliothek	OP50	Manchmal	Nein	Nie	Keine Angabe	Keine Angabe	Keine Angabe	Medizin	7	
Immer	Mensa/Cafeteria	Audimax				Bibliothek		Selten	Ja	Nie	Ich nehme meinen Laptop/mein Notebook mit	Gebäude 64 unten	Ja	Informatik	1	
Immer		Audimax				Bibliothek		Manchmal	Ja	Manchmal	Meistens	Bibliothek	Ja	Informatik	1	
Meistens			Geb. 61 / Vorklinikum		Zentralklinikum	Bibliothek		Nie	Nein	Nie	Keine Angabe	Keine Angabe	Keine Angabe	Medizin	9	
Selten						Bibliothek		Selten	Nein	Nie	Selten	Bibliothek	Nein	Medizin	1	
Keine Angaben	Mensa/Cafeteria						Campus Suite	Manchmal	Ja	Manchmal	Meistens	Gebäude 64 unten	Ja	MIW	3	
Meistens				Geb. 64				Manchmal	Ja	Oft	Meistens	Gebäude 64 unten	Ja	EDT	1	
Selten	Mensa/Cafeteria	Audimax	Geb. 61 / Vorklinikum	Geb. 64	Zentralklinikum	Bibliothek		Manchmal	Nein	Manchmal	Meistens	Gebäude 64 unten	Ja	MI	9	
Selten				Geb. 64				Oft	Nein	Oft	Meistens	Gebäude 64 unten	Nein	MI	geht euch nix an	Ich finde es blöd das man in der Bib Pools nicht programmieren kann weil die Software dort gesperrt ist.  Es sollte mehr Gruppenarbeitsräume geben.
Meistens	Mensa/Cafeteria	Audimax		Geb. 64				Oft	Nein	Oft	Meistens	Gebäude 64 unten	Nein	Informatik	7	Nicht nur die Anzahl der Arbeitsplätze ist wichtig, sondern auch deren Zustand. Und der lässt sauberkeitstechnisch im Pool 64 unten gerne zu wünschen übrig.
Meistens		Audimax				Bibliothek		Manchmal	Nein	Oft	Meistens	Gebäude 64 unten	Ja	MIW	3	
Meistens	Mensa/Cafeteria	Audimax				Bibliothek	Im Sommer auf der wiese	Manchmal	Nein	Manchmal	Meistens	Bibliothek	Ja	Medizin	3.semester	
Selten						Bibliothek		Nie	Nein	Manchmal	Immer	Bibliothek	Ja	Medizin	6	
Meistens						Bibliothek		Nie	Ja	Manchmal	Selten	Gebäude 64 unten	Nein	MLS	1	
Meistens		Audimax						Nie	Ja	Manchmal	Meistens	Gebäude 64 unten	Nein	MIW	3	
Meistens						Bibliothek		Oft	Nein	Manchmal	Immer	Gebäude 61	Nein	MIW	3. Master	
Nie						Bibliothek		Manchmal	Nein	Nie	Keine Angabe	Bibliothek	Ja	Keine Angabe		
Meistens						Bibliothek		Oft	Nein	Nie	Ich nehme meinen Laptop/mein Notebook mit	Bibliothek	Ja	Medizin	4	In der Bib sind zur Klausurenphase definitiv zu wenig Plätze. Teilweise findet man schon 30 min nach Öffnung kaum mehr einen Platz, und auch die Gruppenräume sind vollends überfüllt.  Des Weiteren sind die Öffnungszeiten am Wochenende in der Klausurenphase nicht ausreichend.
Meistens	Mensa/Cafeteria					Bibliothek		Selten	Nein	Manchmal	Immer	Gebäude 64 unten	Ja	Psychologie	3	Mehr Bib Plätze sind dringend notwendig!
Meistens	Mensa/Cafeteria	Audimax	Geb. 61 / Vorklinikum	Geb. 64				Manchmal	Nein	Manchmal	Meistens	Gebäude 64 unten	Nein	Informatik	7	
Meistens	Mensa/Cafeteria	Audimax	Geb. 61 / Vorklinikum	Geb. 64				Nie	Nein	Oft	Selten	Gebäude 61	Nein	MLS	3	
Meistens		Audimax						Selten	Nein	Manchmal	Meistens	Gebäude 64 unten	Ja	MML	1	
Immer	Mensa/Cafeteria			Geb. 64		Bibliothek		Selten	Ja	Manchmal	Meistens	Gebäude 64 unten	Ja	MI	3	
Meistens				Geb. 64				Manchmal	Nein	Manchmal	Ich nehme meinen Laptop/mein Notebook mit	Gebäude 64 unten	Ja	EDT	2	
Meistens	Mensa/Cafeteria					Bibliothek		Oft	Nein	Manchmal	Immer	Gebäude 61	Ja	MML	1	
Selten	Mensa/Cafeteria				Zentralklinikum	Bibliothek		Oft	Nein	Manchmal	Selten	Bibliothek	Nein	Medizin	9	
